Agency,Parent Agency*,Agency Acronym,Naming Convention,Electronic Reading Room URL,Notes,,
Department of State - Archive,State,,Archived Content,https://www.state.gov/j/drl/archives/,Not FOIA content,,
Federal Mediation and Conciliation Service,U.S. Federal Labor Relations Authority,FMCS,Documents and Data,https://www.fmcs.gov/resources/documents-and-data/,,,
Indian Health Service,Health & Human Services,HIS,eFOIA Reading Room,https://www.ihs.gov/FOIA/readingroom/,,,
Federal Election Commission,BCC,FEC,E-FOIA Reading Room,https://www.fec.gov/freedom-information-act/,,,
Forest Service,Agriculture,FS,E-FOIA Reading Room,https://www.fs.fed.us/im/foia/frequent.htm,,,
Merit Systems Protection Board,BCC,MSPB,e-FOIA Reading Room,https://www.mspb.gov/foia/e-foiareadingroom.htm,,,
Occupational Safety and Health Review Commission,BCC,OSHRC,E-FOIA Reading Room,https://www.oshrc.gov/foia/oshrc-e-foia-reading-room/,,,
Office of the Inspector General,Health & Human Services,OIG,E-FOIA Reading Room,https://oig.hhs.gov/foia/efoia.asp,,,
National Aeronautics and Space Administration,Independent,NASA,Electronic FOIA Library,https://www.hq.nasa.gov/office/pao/FOIA/err.htm,,,
National Aeronautics and Space Administration,,NASA,Electronic FOIA Library,https://www.hq.nasa.gov/office/pao/FOIA/err.htm,,,
Office of Privacy and Open Government,Commerce,,Electronic FOIA Library,http://osec.doc.gov/opog/FOIA/FOIA_elibrary.html,,,
"Departmental Management, Office of the Chief Financial Officer",Agriculture,"DM, OCFO",Electronic FOIA Reading Room,https://www.dm.usda.gov/foia/reading.htm,FOIA Electronic Reading Room,,
National Finance Center,Agriculture,NFC,Electronic FOIA Reading Room,https://nfc.usda.gov/AdditionalResources/foiaereading.php,National Institute of Food and Agriculture (NIFA),,
Office of Budget and Program Analysis,Agriculture,OBPA,Electronic FOIA Reading Room,https://www.ascr.usda.gov/electronic-foia-reading-room-e-foia,,,
Office of the Assistant Secretary for Civil Rights,Agriculture,OASCR,Electronic FOIA Reading Room,https://www.ascr.usda.gov/electronic-foia-reading-room-e-foia,Economic Research Service (ERS),,
Agency for Healthcare Research and Quality,Health & Human Services,AHRQ,Electronic Library,https://www.ahrq.gov/policy/foia/foiaindx.html,,,
Office of Personnel Management,Independent,OPM,Electronic Reading,https://www.opm.gov/information-management/freedom-of-information-act/#url=Electronic-Reading-Room,,,
Administration for Children and Families,Health & Human Services,ACF,Electronic Reading Room,https://www.acf.hhs.gov/e-reading-room,,,
Administration for Community Living,Health & Human Services,ACL,Electronic Reading Room,https://acl.gov/FOIA#Eroom,,,
Alcohol and Tobacco Tax and Trade Bureau,Treasury,TTB,Electronic Reading Room,https://ttb.gov/foia/err.shtml,,,
Biologics,FDA,,Electronic Reading Room,https://www.fda.gov/ForConsumers/ConsumerUpdates/ucm129132.htm,,,
Bureau of Indian Affairs,Interior,BIA,Electronic Reading Room,https://www.bia.gov/as-ia/foia/reading-room,,,
Central Intelligence Agency,Independent,CIA,Electronic Reading Room,"https://www.cia.gov/library/readingroom/search/site, https://vault.fbi.gov/",,,
U.S. Citizenship and Immigration Services (USCIS),DHS,USCIS,Electronic Reading Room,https://www.uscis.gov/about-us/electronic-reading-room,,,
Comptroller of the Currency,Treasury,,Electronic Reading Room,https://foia-pal.occ.gov/App/ReadingRoom.aspx,,,
Defense Logistics Agency,Defense,DLA,Electronic Reading Room,http://www.dla.mil/HQ/InformationOperations/LogisticsInformationServices/FOIAReading.aspx,,,
Defense Security Service,Defense,DSS,Electronic Reading Room,https://www.dss.mil/about/err/,,,
Department of the Treasury,Treasury,Treasury,Electronic Reading Room,https://www.treasury.gov/FOIA/Pages/reading_room.aspx#FRM,,,
Farm Service Agency,Agriculture,FSA,Electronic Reading Room,https://www.fsa.usda.gov/FSA/webapp?area=newsroom&subject=landing&topic=foi-er,,,
Federal Financial Institutions Examination Council,Federal Reserve,FFIEC,Electronic Reading Room,https://www.ffiec.gov/foia.htm,,,
Federal Labor Relations Authority,Independent,FLRA,Electronic Reading Room,https://www.flra.gov/elibrary,,,
Federal Maritime Commission,BCC,MARAD,Electronic Reading Room,https://www.maritime.dot.gov/about-us/foia/electronic-reading-room,,,
Federal Open Market Committee,Federal Reserve,FOMC,Electronic Reading Room,https://www.federalreserve.gov/foia/fomc/readingrooms.htm,,,
Federal Railroad Administration,Transportation,FRA,Electronic Reading Room,https://www.fra.dot.gov/Page/P0388,,,
Financial Crimes Enforcement Network,Treasury,FinCEN,Electronic Reading Room,https://www.fincen.gov/reading-room-records,,,
Food and Drug Administration,HHS,FDA,Electronic Reading Room,https://www.fda.gov/regulatoryinformation/foi/electronicreadingroom/default.htm,,,
Food and Nutrition Service,Agriculture,FNS,Electronic Reading Room,https://www.fns.usda.gov/foia/electronic-reading-room,,,
General Services Administration,Independent,GSA,Electronic Reading Room,https://www.gsa.gov/reference/freedom-of-information-act-foia/electronic-reading-room,,,
Health Resources and Services Administration,Health & Human Services,HRSA,Electronic Reading Room,https://www.hrsa.gov/foia/electronic-reading.html,,,
Maritime Administration,Transportation,,Electronic Reading Room,https://www.maritime.dot.gov/about-us/foia/electronic-reading-room,,,
National Highway Traffic Safety Administration,Transportation,NHTSA,Electronic Reading Room,https://www.nhtsa.gov/about-nhtsa/electronic-reading-room,,,
National Indian Gaming Commission,BCC,NIGC,Electronic Reading Room,https://www.nigc.gov/utility/electronic-reading-room,,,
Office of Government Ethics,Independent,OGE,Electronic Reading Room,https://oge.gov/Web/OGE.nsf/Resources/Electronic+Reading+Room,,,
Office of Hearings and Appeals,Interior,OHA,Electronic Reading Room,https://www.doi.gov/oha/foia-reading-room,,,
Office of Personnel Management,Independent,OPM,Electronic Reading Room,https://www.opm.gov/information-management/freedom-of-information-act/#url=Electronic-Reading-Room,,,
Office of the Comptroller of the Currency,Treasury,OCC,Electronic Reading Room,https://foia-pal.occ.gov/App/ReadingRoom.aspx,,,
Office of the Comptroller of the Currency,Treasury,OCC,Electronic Reading Room,https://foia-pal.occ.gov/App/ReadingRoom.aspx,,,
Pension Benefit Guaranty Corporation,Independent,PBGC,Electronic Reading Room,https://www.pbgc.gov/news/other/res/electronic-reading-room,,,
Pipeline and Hazardous Materials Safety Administration,Transportation,PHMSA,Electronic Reading Room,https://www.phmsa.dot.gov/foia/phmsa-electronic-reading-room,,,
Saint Lawrence Seaway Development Corporation,Transportation,SLSDC,Electronic Reading Room,https://www.seaway.dot.gov/publications/electronic-reading-room,,,
Special Inspector General for Afghanistan Reconstruction,,SIGAR,Electronic Reading Room,https://www.sigar.mil/contact/foia/foia.aspx?SSR=9&SubSSR=38&Sub2SSR=24&WP=Reading%20Room,,,
Commodity Futures Trading Commission,,,Electronic Reading Room,https://www.cftc.gov/FOI/foiareadingrooms.html,,,
Office of Legal Counsel,Justice,OLC,Electronic Reading Room,https://www.justice.gov/olc/olc-foia,,,
National Archives & Records Administration,Independent,NARA,Electronic Reading Room / FOIA Library,https://www.archives.gov/foia/electronic-reading-room,,,
Federal Energy Regulatory Commission,BCC,FERC,eLibrary,https://www.ferc.gov/docs-filing/elibrary.asp?csrt=9305406203105589326,,,
Executive Office for Immigration Review,DOJ,EOIR,EOIR Library,https://www.justice.gov/eoir/freedom-information-act-foia,,,
Federal Mine Safety and Health Review Commission,BCC,FMSHR,E-Reading Room,https://www.fmshrc.gov/foia/e-reading-room,,,
National Labor Relations Board,BCC,NLRB,E-Reading Room,https://www.nlrb.gov/news-publications/more-information/foia/e-reading-room,,,
Administrative Conference of the United States,Independent,ACUS,FOIA,https://www.acus.gov/foia,,,
Center for Devices and Radiological Health,FDA,CDRH,FOIA,https://www.fda.gov/aboutfda/centersoffices/officeofmedicalproductsandtobacco/cdrh/cdrhfoiaelectronicreadingroom/default.htm#s2,,,
Department of Defense (DOD Open Government),Defense,DOD,FOIA,https://open.defense.gov/Transparency/FOIA/,,,
Department of Labor,DOL,DOL,FOIA,https://www.dol.gov/general/foia,Search by agency,,
Employee Benefits Security Administration,Labor,EBSA,FOIA,https://www.dol.gov/agencies/ebsa/about-ebsa/our-activities/public-disclosure/foia,,,
Federal Bureau of Prisons,DOJ,FBP,FOIA,https://www.bop.gov/foia/#tabs-1,,,
Institute of Museum and Library Services,Independent,IMLS,FOIA,https://www.imls.gov/about/policy/agency-reports/freedom-information-act-foia,,,
Inter-American Foundation,Independent,IAF,FOIA,https://www.iaf.gov/foia/#foia-e-reading,,,
National Capital Planning Commission,BCC,,FOIA,https://www.ncpc.gov/policies/foia/,,,
Peace Corps,Independent,,FOIA,https://www.peacecorps.gov/about/open-government/foia/,,,
Railroad Retirement Board,BCC,RRB,FOIA,https://www.rrb.gov/FOIA,,,
Small Business Administration,Independent,SBA,FOIA,https://www.sba.gov/about-sba/open-government/foia#section-header-32,,,
Surface Transportation Board,Independent,,FOIA,https://www.stb.gov/stb/docs/FOIA/foia.html,,,
TreasuryDirect,Treasury,,FOIA,https://www.treasurydirect.gov/foia.htm,,,
National Science Foundation,Independent,NSF,FOIA and Privacy Act,https://www.nsf.gov/policies/foia.jsp,,,
Mine Safety and Health Administration,Labor,MSHA,FOIA Archives,https://arlweb.msha.gov/readroom/FOIAarchive.asp,,,
Substance Abuse and Mental Health Services Administration,Health & Human Services,SAMHSA,FOIA Archives,https://www.samhsa.gov/foia,,,
Legal Services Corporation,Independent,LSC,FOIA Electronic Public Reading Room,https://www.lsc.gov/about-lsc/foia/foia-electronic-public-reading-room,,,
Center for Drug Evaluation and Research,FDA,CDER,FOIA Electronic Reading Room,https://www.fda.gov/Drugs/GuidanceComplianceRegulatoryInformation/CDERFOIAElectronicReadingRoom/default.htm,,,
Center for Food Safety and Applied Nutrition ,FDA,CFSAN,FOIA Electronic Reading Room,https://www.fda.gov/AboutFDA/CentersOffices/OfficeofFoods/CFSAN/CFSANFOIAElectronicReadingRoom/default.htm,,,
Center for Tobacco Products,FDA,CTP,FOIA Electronic Reading Room,https://www.fda.gov/tobaccoproducts/aboutctp/ucm221165.htm,,,
Center for Veterinary Medicine,FDA,CVM,FOIA Electronic Reading Room,https://www.fda.gov/AboutFDA/CentersOffices/OfficeofFoods/CVM/CVMFOIAElectronicReadingRoom/default.htm,,,
Civil Rights Division,DOJ,CRT,FOIA Electronic Reading Room,https://www.justice.gov/crt/foia-electronic-reading-room,,,
Consumer Financial Protection Bureau,Independent,CFPB,FOIA Electronic Reading Room,https://www.consumerfinance.gov/foia-requests/foia-electronic-reading-room/,,,
Court Services and Offender Supervision Agency,D.C. based agency,CSOSA,FOIA Electronic Reading Room,https://www.csosa.gov/foia-electronic-reading-room/,,,
Defense Commissary Agency,Defense,,FOIA Electronic Reading Room,https://www.commissaries.com/our-agency/FOIA/FOIA-Electronic-Reading-Room,,,
Defense Intelligence Agency,Defense,DIA,FOIA Electronic Reading Room,http://www.dia.mil/FOIA/FOIA-Electronic-Reading-Room/,,,
Department of Justice,DOJ,DOJ,FOIA Electronic Reading Room,https://www.justice.gov/crt/foia-electronic-reading-room,,,
Department of Transportation,,DOT,FOIA Electronic Reading Room,https://www.transportation.gov/foia/foia-electronic-reading-room-category-one,,,
Federal Communications Commission,BCC,FCC,FOIA Electronic Reading Room,https://www.fcc.gov/general/freedom-information-act-electronic-reading-room#block-menu-block-4,,,
Federal Highway Administration,Transportation,FHWA,FOIA Electronic Reading Room,https://www.fhwa.dot.gov/foia/err.cfm,,,
Federal Motor Carrier Safety Administration,Transportation,FMCSA,FOIA Electronic Reading Room,https://www.fhwa.dot.gov/foia/err.cfm,,,
Federal Transit Administration,Transportation,FTA,FOIA Electronic Reading Room,https://www.transit.dot.gov/foia/foia-electronic-reading-room,,,
Food Safety and Inspection Service,Agriculture,FSIS,FOIA Electronic Reading Room,https://www.fsis.usda.gov/wps/portal/footer/policies-and-links/freedom-of-information-act/fsis-electronic-reading-room,,,
Geological Survey,Interior,USGS,FOIA Electronic Reading Room,https://www2.usgs.gov/foia/,,,
U.S. International Trade Commission,BCC,USITC,FOIA Electronic Reading Room,https://www.usitc.gov/secretary/foia/foia_ereadingroom.htm,,,
National Technical Information Service,Commerce,NTIS,FOIA Electronic Reading Room,https://classic.ntis.gov/about/foia/,New website coming,,
Office of Regulatory Affairs,FDA,ORA,FOIA Electronic Reading Room,https://www.fda.gov/aboutfda/centersoffices/officeofglobalregulatoryoperationsandpolicy/ora/oraelectronicreadingroom/default.htm,,,
Office of the Inspector General,Transportation,OIG,FOIA Electronic Reading Room,https://www.oig.dot.gov/foia-electronic-reading-room,,,
Transportation Security Administration,Homeland Security,,FOIA Electronic Reading Room,https://www.tsa.gov/foia/readingroom,,,
Equal Employment Opportunity Commission,,EEOC,FOIA E-Library,https://www.eeoc.gov/eeoc/foia/e-library.cfm,,,
Department of the Interior - Bureau & Office FOIA Libraries,Interior,DOI,FOIA Libraries,https://www.doi.gov/foia/libraries,Lists agency FOIA Libraries,,
Agricultural Research Service,Agriculture,ARS,FOIA Library,https://www.ars.usda.gov/oc/foia/foia-reference-guide-foia-library/,,,
Air Force,Defense,AF,FOIA Library,http://www.foia.af.mil/Library/,,,
Office on Violence Against Women,Justice,OVW,FOIA Library,https://www.justice.gov/ovw/ovw-freedom-information-act#FOIALibrary,,,
Office of the Pardon Attorney,Justice,OPA,FOIA Library,https://www.justice.gov/pardon/pardon-attorney-foia/foia-library,,,
Army,Defense,,FOIA Library,https://www.foia.army.mil/readingroom/index.aspx,,,
"Bureau of Alcohol, Tobacco, Firearms, and Explosives",DOJ,ATF,FOIA Library,https://www.atf.gov/resource-center/foia-library,,,
Bureau of Engraving and Printing,Treasury,BEP,FOIA Library,https://www.moneyfactory.gov/bepfoialibrary.html,,,
Bureau of Ocean Energy Management,Interior,BOEM,FOIA Library,https://www.boem.gov/FOIA-Library/,,,
Census Bureau,Commerce,USCB,FOIA Library,https://www.census.gov/about/policies/foia/foia_library.html,,,
Coast Guard,DHS,USCG,FOIA Library,https://www.dcms.uscg.mil/Our-Organization/Assistant-Commandant-for-C4IT-CG-6/The-Office-of-Information-Management-CG-61/FOIA-Library/Frequently-Requested-Records/,,,
Community Relations Service,DOJ,CRS,FOIA Library,https://www.justice.gov/crs/crs-electronic-reading-room,,,
Customs and Border Protection ,DHS,CBP,FOIA Library,https://foiarr.cbp.gov/,,,
Defense Contract Management Agency,Defense,DCMA,FOIA Library,https://www.dcma.mil/HQ/FOIA1/library/,,,
Department of Education,Education,Education,FOIA Library,https://www2.ed.gov/policy/gen/leg/foia/readingroom.html,,,
Department of Homeland Security,DHS,DHS,FOIA Library,https://www.dhs.gov/foia-library,,,
Department of Interior,DOI,DOI,FOIA Library,https://www.doi.gov/foia/DOI-FOIA-Library,Lists all FOIA Libraries hosted by DOI,,
Department of Labor,DOL,DOL,FOIA Library,https://www.dol.gov/dol/foia/readroom.htm,Compilation of all DOL FOIA documents,,
Department of Veterans Affairs - Office of Privacy and Records Management,,"VA, OPRM",FOIA Library,https://www.oprm.va.gov/foia/foia_library.aspx,,,
Drug Enforcement Administration,DOJ,DEA,FOIA Library,https://www.dea.gov/FOIA/FOIA_library.shtml,,,
Executive Office for  Attorneys,DOJ,,FOIA Library,https://www.justice.gov/usao/resources/foia-library,,,
Federal Aviation Administration,Transportation,FAA,FOIA Library,https://www.faa.gov/foia/electronic_reading_room/,,,
Federal Emergency Management Agency,DHS,FEMA,FOIA Library,https://www.fema.gov/foia-publications,,,
Foreign Claims Settlement Commission,DOJ,FCSC,FOIA Library,https://www.justice.gov/fcsc/foia-library,,,
Immigration & Customs Enforcement,DHS,ICE,FOIA Library,https://www.ice.gov/foia/library,,,
Internal Revenue Service,Treasury,IRS,FOIA Library,https://www.irs.gov/privacy-disclosure/foia-library,,,
National Guard Bureau,Defense,NGB,FOIA Library,https://www.nationalguard.mil/Resources/FOIA/Library/,,,
National Institutes of Health,Health & Human Services,NIH,FOIA Library,https://www.ihs.gov/FOIA/readingroom/,,,
National Park Service,Interior,NPS,FOIA Library,https://www.nps.gov/aboutus/foia/foia-reading-room.htm,,,
National Railroad Passenger Corporation,Independent,AMTRAK,FOIA Library,https://www.amtrak.com/foia,,,
National Security Division,Justice,NSD,FOIA Library,https://www.justice.gov/nsd/nsd-foia-library,,,
Office of Information Policy,DOJ,OIP,FOIA Library,https://www.justice.gov/oip/foia-library,,,
Office of Management and Budget,Executive Office of the President (EOP),OMB,FOIA Library,https://www.whitehouse.gov/omb/freedom-information-act-foia/,,,
Office of Professional Responsibility,DOJ,OPR,FOIA Library,https://www.justice.gov/opr/OPR-FOIA/opr-electronic-reading-room,,,
Office of Science and Technology Policy,Exec Office Pres,OSTP,FOIA Library,https://www.whitehouse.gov/ostp/legal/,,,
Office of Surface Mining,Interior,OSM,FOIA Library,https://www.doi.gov/foia/DOI-FOIA-Library,In DOI Library,,
Office of the Inspector General,Interior,OIG,FOIA Library,https://www.doioig.gov/complaints/FOIA/oig-foia-library,,,
Office of the Secretary,Interior,OS,FOIA Library,https://www.doi.gov/foia/os,,,
Office of the US Trade Representative,Executive Office of the President (EOP),USTR,FOIA Library,https://ustr.gov/about-us/reading-room/freedom-information-act-foia/foia-library,,,
Privacy and Civil Liberties Oversight Board,PCLOB,PCLOB,FOIA Library,https://www.pclob.gov/foia/,,,
Securities and Exchange Commission,Independent,SEC,FOIA Library,https://www.sec.gov/page/foia-library,,,
Treasury Inspector General for Tax Administration,Treasury,TIGTA,FOIA Library,https://www.treasury.gov/tigta/important_foia_err.shtml,,,
Agency for International Development,Independent,USAID,FOIA Library,https://foiarequest.usaid.gov/app/ReadingRoom.aspx,,,
U.S. Parole Commission,Justice,USPC,FOIA Library,https://www.justice.gov/uspc/freedom-information-act-foia/foia-library,,,
Office of the Attorney General,Justice,,FOIA Library,https://www.justice.gov/oip/available-documents-oip,,,
Office of the Deputy Attorney General,Justice,,FOIA Library,https://www.justice.gov/oip/available-documents-oip,,,
Office of the Associate Attorney General,Justice,,FOIA Library,https://www.justice.gov/oip/available-documents-oip,,,
Office of Legal Policy,Justice,,FOIA Library,https://www.justice.gov/oip/available-documents-oip,,,
Office of Legislative Affairs ,Justice,,FOIA Library,https://www.justice.gov/oip/available-documents-oip,,,
Office Public Affairs,Justice,,FOIA Library,https://www.justice.gov/oip/available-documents-oip,,,
Department of Health and Human Services,HHS,HHS,FOIA Library / Electronic Reading Room,https://www.hhs.gov/foia/electronic-reading-room/index.html,,,
Office of Special Counsel,Independent,OSC,FOIA Library/Electronic Reading Room,https://osc.gov/Pages/FOIA-Resources.aspx,,,
Occupational Safety and Health Administration,Labor,OSHA,FOIA Page,https://www.osha.gov/as/opa/foia/foia.html,,,
Economic Development Administration,Commerce,EDA,FOIA Proactive Disclosures,https://www.eda.gov/foia/disclosures/,,,
Agricultural Marketing Service,Agriculture,AMS,FOIA Reading Room,https://www.ams.usda.gov/about-ams/foia,,,
American Battle Monuments Commission,BCC,ABMC,FOIA Reading Room,https://www.abmc.gov/node/1005/foia-reading-room,,,
Animal and Plant Health Inspection Service,Agriculture,APHIS,FOIA Reading Room,https://www.aphis.usda.gov/aphis/resources/foia/ct_foia_reading_room,,,
Bureau of Land Management,Interior,BLM,FOIA Reading Room,https://www.blm.gov/about/foia/foia-reading-room,,,
Bureau of Reclamation,Interior,USBR,FOIA Reading Room,https://www.usbr.gov/foia/readroom.html,,,
Bureau of Safety and Environmental Enforcement,Interior,BSEE,FOIA Reading Room,https://www.bsee.gov/newsroom/library/FOIA-Reading-Rooom,,,
Center for Medicare and Medicaid Services,Health & Human Services,CMS,FOIA Reading Room,https://www.cms.gov/Regulations-and-Guidance/Legislation/FOIA/rdgroom.html,,,
Chemical Safety and Hazard Investigation Board,Independent,CSB,FOIA Reading Room,https://www.csb.gov/disclaimers/legal-affairs-foia/,,,
Commission on Civil Rights,Independent,USCCR,FOIA Reading Room,https://www.usccr.gov/foia/foia-reading-room.php,,,
Committee for Purchase from People Who Are Blind or Severely Disabled,Independent,,FOIA Reading Room,"https://www.abilityone.gov/laws,_regulations_and_policy/foia_reading_room.html",,,
Corporation for National and Community Service,Independent,CNCS,FOIA Reading Room,https://www.nationalservice.gov/site-policy-and-notices/foia-and-privacy-act/electronic-reading-room-and-library,,,
Council of the Inspectors General on Integrity and Efficiency,Independent,CIEGIE,FOIA Reading Room,https://ignet.gov/content/foia-reading-room-1,,,
Defense Contract Audit Agency,Defense,DCAA,FOIA Reading Room,https://www.dcaa.mil/home/FOIAReadingRoom,,,
Defense Finance and Accounting Service,Defense,DFAS,FOIA Reading Room,https://www.dfas.mil/foia/foiareadingroom.html,,,
Defense Nuclear Facilities Safety Board,Independent,,FOIA Reading Room,https://www.dnfsb.gov/foia-reading-room,,,
Defense Threat Reduction Agency,Defense,DTRA,FOIA Reading Room,http://www.dtra.mil/Home/Freedom-of-Information-Act-and-Privacy-Act/Electronic-Reading-Room/,,,
Department of Agriculture,Agriculture,USDA,FOIA Reading Room,https://www.dm.usda.gov/foia/agencyfoia.htm,,,
Department of Housing and Urban Development,,HUD,FOIA Reading Room,https://www.hud.gov/program_offices/administration/foia/readingroom,,,
Election Assistance Commission,,USEAC,FOIA Reading Room,https://www.eac.gov/foia/foia-reading-room/,,,
Employment and Training Administration,Labor,ETA,FOIA Reading Room,https://www.doleta.gov/foia/,,,
Farm Credit Administration,Independent,FCA,FOIA Reading Room,https://www.fca.gov/required-notices/freedom-of-information-act,,,
Farm Credit System Insurance Corporation,,FCSIC,FOIA Reading Room,https://www.fcsic.gov/notices/index/foia-reading-room,,,
Naval History and Heritage Command,,NHHC,FOIA Reading Room,https://www.history.navy.mil/content/history/nhhc/foia/foia-reading-room.html,,,
Federal Deposit Insurance Corporation,Independent,FDIC,FOIA Reading Room,https://www.fdic.gov/about/freedom/readingroom.html,,,
Federal Housing Finance Agency,Independent,FHFA,FOIA Reading Room,https://www.fhfa.gov/AboutUs/FOIAPrivacy/Pages/Reading-Room.aspx,,,
National Mediation Board,,NMB,FOIA Reading Room,https://nmb.gov/NMB_Application/index.php/foia/,http://knowledgestore.nmb.gov/ks/index.html,,
Fish & Wildlife Service,Interior,FWS,FOIA Reading Room,https://www.fws.gov/irm/bpim/foiareadingroom.html,,,
Foreign Agricultural Service,Agriculture,FAS,FOIA Reading Room,https://www.fas.usda.gov/foia-reading-room,,,
Grain Inspection Packers and Stockyards Administration,Agriculture,GIPSA,FOIA Reading Room,https://www.gipsa.usda.gov/foia/foia.aspx,,,
Minority Business Development Agency,Commerce,MBDA,FOIA Reading Room,https://www.mbda.gov/page/freedom-information-act-reading-room,,,
National Geospatial-Intelligence Agency,Defense,NGA,FOIA Reading Room,https://www.nga.mil/About/Pages/NGA-FOIA-Reading-Room.aspx,,,
National Guard Bureau,Defense,NGB,FOIA Reading Room,https://www.nationalguard.mil/Resources/FOIA/Reading-Room/,,,
National Oceanic and Atmospheric Administration,Commerce,NOAA,FOIA Reading Room,https://www.noaa.gov/foia-reading-room,,,
National Transportation Safety Board,BCC,NTSB,FOIA Reading Room,https://foiarequest.ntsb.gov/App/ReadingRoom.aspx,,,
Natural Resources Conservation Service,Agriculture,NRCS,FOIA Reading Room,https://www.nrcs.usda.gov/wps/portal/nrcs/detailfull/national/about/?cid=nrcseprd815406,,,
Overseas Private Investment Corporation,Independent,OPIC,FOIA Reading Room,https://www.opic.gov/content/foia-reading-room,,,
Patent and Trademark Office,Commerce,USPTO,FOIA Reading Room,https://www.uspto.gov/learning-and-resources/ip-policy/electronic-freedom-information-act-e-foia,,,
Rural Development,Agriculture,RD,FOIA Reading Room,https://www.rd.usda.gov/contact-us/freedom-information-act-foia/foia-reading-room,,,
Selective Service System,Independent,SSS,FOIA Reading Room,https://www.sss.gov/Reports/FOIA/FOIA-Electronic-Reading-Room,,,
Social Security Administration,Independent,SSA,FOIA Reading Room,https://www.ssa.gov/foia/readingroom.html,,,
U.S. Mint,Treasury,USM,FOIA Reading Room,https://www.usmint.gov/foia/reading-room,,,
U.S. Postal Service,Independent,USPS,FOIA Reading Room,http://about.usps.com/who-we-are/foia/readroom/welcome.htm,,,
U.S. Trade and Development Agency,Independent,USTDA,FOIA Reading Room,https://ustda.gov/about/foia/foia-reading-room,,,
Women’s Bureau,Labor,WB,FOIA Reading Room,https://www.dol.gov/wb/e-foia.htm,,,
Council on Environmental Quality,White House,,FOIA Reading Room,https://www.whitehouse.gov/ceq/foia/,,,
Board of Governors of the Federal Reserve System,BCC,,"FOIA Reading Room, Electronic Reading Room",https://www.federalreserve.gov/foia/readingrooms.htm#rr1,,,
National Endowment for the Arts,Independent,NEA,"FOIA Reading Room, Frequently Requested Records",https://www.arts.gov/foia/reading-room,,,
Federal Trade Commission,BCC,FTC,FOIA Reading Rooms,https://www.ftc.gov/about-ftc/foia/foia-reading-rooms,,,
Library of Congress Copyright Office,LOC,,FOIA Records,https://www.copyright.gov/foia/,,,
Armed Forces Retirement Home,Exec Branch,AFRF,FOIA Reports,https://www.afrh.gov/foia,,,
Broadcasting Board of Governors,Independent,BBG,FOIA Reports,https://www.bbg.gov/foia/foia-reports/,,,
Johnson Space Center,NASA,JSC,FOIA Reports,https://www.nasa.gov/centers/johnson/news/foiareports/index.html,,,
Office of the Director of National Intelligence,Executive Office of the President (EOP),ODNI,FOIA Reports,https://www.dni.gov/index.php/component/content/article/86-dni/about-this-site/1235-foia-reports,,,
Consumer Product Safety Commission,BCC,CPSC,FOIA Reports and Activities,https://cpsc.gov/Newsroom/FOIA/Reports/,,,
Department of the Interior,Interior,DOI,FOIA Reports Library,https://www.doi.gov/foia/library,Search throughout all agencies,,
International Boundary and Water Commission,BCC,IBWC,FOIA Requester Service Center,https://www.ibwc.gov/Organization/FOIA.html,,,
Office of National Drug Control Policy,Executive Office of the President (EOP),ONDCP,FOIA Requests,https://www.whitehouse.gov/ondcp/additional-links-resources/foia/,,,
Bureau of Labor Statistics,Labor,BLS,FOIA Requests,https://www.bls.gov/bls/blsfoia.htm,,,
Postal Regulatory Commission,BCC,PRC,FOIA Requests,https://www.prc.gov/foia/requests,,,
Environmental Protection Agency,Independent,EPA,FOIA Resources,https://www.epa.gov/foia/foia-resources,,,
National Endowment for the Humanities,Independent,NEH,FOIA Responses,https://www.neh.gov/about/foia/responses,,,
Department of Transportation,DOT,DOT,FOIA Sites and Reading Rooms,https://www.transportation.gov/foia,,,
Animal & Veterinary Drug Summaries,FDA (HHS),,FOIA Summaries,https://animaldrugsatfda.fda.gov/adafda/views/#/foiDrugSummaries,,,
U.S. Marshals Service,Justice,USMS,Freedom of Information / Privacy Act,https://www.usmarshals.gov/readingroom/files.html,,,
U.S. Secret Service,Homeland Security,"USSS, Secret Service",Freedom of Information / Privacy Act,https://www.secretservice.gov/press/foia/library/,,,
Tennessee Valley Authority,Independent,TVA,Freedom of Information Act,https://www.tva.com/Information/Freedom-of-Information,,,
National Credit Union Administration,Independent,NCUA,Frequently Requested Information,https://www.ncua.gov/foia/frequently-requested-information,,,
Export-Import Bank of the United States,,EXIM,Frequently Requested Records,https://www.exim.gov/about/foia/frequently-requested-records-and-proactive-disclosures,,,
Office of Labor-Management Standards,Labor,OLMS,Online FOIA Reading Room,https://www.dol.gov/olms/regs/compliance/OLMS_FOIA.htm,,,
Centers for Disease Control and Prevention,Health & Human Services,CDC,PAL Reading Room,https://foia.cdc.gov/app/ReadingRoom.aspx,,,
Department of Agriculture,Agriculture,USDA,Reading Room,https://efoia-pal.usda.gov/app/App/ReadingRoom.aspx,check not working,,
Department of Energy,DOE,DOE,Reading Room,https://www.energy.gov/management/office-management/operational-management/freedom-information-act/reading-room,,,
Federal Retirement Thrift Investment Board,BCC,FRTIB,Reading Room,https://www.frtib.gov/ReadingRoom/index.html,,,
National Security Agency / Central Security Service,Defense,NSA/CSS,Reading Room,https://www.nsa.gov/resources/everyone/foia/reading-room/,,,
Navy,Defense,,Reading Room,http://www.secnav.navy.mil/foia/readingroom/SitePages/Home.aspx,,,
Office of Navajo and Hopi Indian Relocation,Independent,ONHIR,Reading Room,https://www.onhir.gov/readingroom/index.html,,,
Office of the Inspector General,Agriculture,OIG,Reading Room,https://www.usda.gov/oig/foia.htm,,,
Office of the Secretary,Transportation,OST,Reading Room,https://www.transportation.gov/foia/ost-electronic-reading-room,,,
Office of the Secretary/Office of the Chief Information Officer,Agriculture,"OSEC, OCIO",Reading Room,https://www.dm.usda.gov/foia/OCIOReading.htm,"FOIA services for USDA's Research, Education, and Economics (REE) agencies:",,
Executive Services Directorate,Defense,ESD,"Reading Room, FOIA Library",https://www.esd.whs.mil/FOID/Reading-Room/,,,
Nuclear Regulatory Commission,BCC,NRC,Recent FOIA Requests,https://www.nrc.gov/reading-rm/foia/recent-request.html,,,
U.S. African Development Foundation,Independent,USADF,Recent Reports,https://www.usadf.gov/oversight/,,,
Millennium Challenge Corporation,Independent,MCC,Resources,https://www.mcc.gov/resources?fwp_resource_type=foia,n/a,,
Office of the Solicitor,Interior,,Solicitor's Opinions,https://www.doi.gov/solicitor/opinions,does not mention fOIA,,
Federal Bureau of Investigation ,DOJ,FBI,The Vault,https://vault.fbi.gov/frequently-requested,,,
Department of State,State,,Virtual Reading Room,https://foia.state.gov/Search/Search.aspx,,,
Attorney General's Office,,,FOIA Library,https://www.justice.gov/oip/available-documents-oip,,,
Bureau of the Fiscal Service,,,Electronic Reading Room,https://fiscal.treasury.gov/foia-readingroom.html,,,
,,,,,,,
,* BCC,"Board, Commission and Commitees",,,,,
,Independent,Independent Agency of the Executive Branch,,,,,
,,,,,,,
,,,,,,,
,,,,,,,
,,,,,,,
,,,,,,,
,,,,,,,
,,,,,,,
,,,,,,,
,,,,,,,
,,,,,,,
,,,,,,,
,,,,,,,
,,,,,,,
,,,,,,,
,,,,,,,
,,,,,,,
,,,,,,,
,,,,,,,
,,,,,,,
,,,,,,,
,,,,,,,
,,,,,,,
,,,,,,,
,,,,,,,
,,,,,,,
,,,,,,,
,,,,,,,